truth,pred,fold_id
environmental,0.608727546,0
environmental,0.634958927,0
clinical,0.416002641,0
clinical,0.693295944,0
environmental,0.724776559,0
environmental,0.743264086,0
environmental,0.8229279,0
environmental,0.803536467,0
environmental,0.561077191,0
environmental,0.639948046,0
environmental,0.50946863,0
clinical,0.647935804,0
environmental,0.948288571,0
environmental,0.526641967,0
environmental,0.481669642,0
environmental,0.817948236,0
environmental,0.321245033,0
environmental,0.41873453,0
environmental,0.579005452,0
clinical,0.557534908,0
environmental,0.484361679,0
environmental,0.71349789,0
environmental,0.560628974,0
environmental,0.81245887,0
environmental,0.59304855,0
environmental,0.512635642,0
clinical,0.665497229,0
environmental,0.461787747,0
environmental,0.450839743,0
environmental,0.73804733,0
environmental,0.793658436,0
clinical,0.548165578,0
environmental,0.450630045,0
clinical,0.640676848,0
environmental,0.718386036,0
environmental,0.418281902,0
clinical,0.651080659,0
environmental,0.675748497,0
environmental,0.6904705,0
environmental,0.659721496,0
environmental,0.564201953,0
environmental,0.678258234,0
environmental,0.526981171,0
environmental,0.4742157,0
environmental,0.867355498,0
clinical,0.586779634,0
environmental,0.64218203,0
environmental,0.905385325,0
environmental,0.783483067,0
environmental,0.397407551,0
clinical,0.282059543,0
environmental,0.744451407,0
environmental,0.595033626,0
environmental,0.684686106,0
environmental,0.812356765,0
environmental,0.76130703,0
environmental,0.55884449,0
environmental,0.804067073,0
environmental,0.684481684,0
environmental,0.346453522,0
environmental,0.589344671,0
environmental,0.75899103,0
environmental,0.587657473,0
clinical,0.551764008,0
environmental,0.668893972,0
clinical,0.337156083,0
environmental,0.773313784,0
clinical,0.481876036,0
environmental,0.707436691,0
environmental,0.794771752,0
environmental,0.751552348,0
environmental,0.650493471,0
environmental,0.653784233,0
environmental,0.440385524,0
clinical,0.679597234,0
clinical,0.459205166,0
environmental,0.557571482,0
environmental,0.394411534,0
environmental,0.632828506,0
environmental,0.882063935,0
environmental,0.616248246,0
environmental,0.678301374,0
environmental,0.344470795,0
environmental,0.542910121,0
environmental,0.85386017,0
environmental,0.703525086,0
clinical,0.623796104,0
environmental,0.610817726,0
environmental,0.51924067,0
environmental,0.414897291,0
environmental,0.915882512,0
environmental,0.370818064,0
environmental,0.591042894,0
environmental,0.67317127,0
environmental,0.685568781,0
clinical,0.20872229,0
clinical,0.217818111,0
clinical,0.497344175,0
environmental,0.582646185,0
environmental,0.716114958,0
environmental,0.696693095,0
environmental,0.381916117,0
environmental,0.434818538,0
environmental,0.778091637,0
environmental,0.70443017,0
environmental,0.378792654,0
clinical,0.761040603,0
environmental,0.845277107,0
environmental,0.702933422,0
clinical,0.504429652,0
environmental,0.681682124,0
environmental,0.584934931,0
environmental,0.365304047,0
environmental,0.671447685,0
environmental,0.420528688,0
clinical,0.396864861,0
environmental,0.820381254,0
environmental,0.505636207,0
environmental,0.879206328,0
environmental,0.666789014,0
environmental,0.48263867,0
environmental,0.734760699,0
environmental,0.624243259,0
environmental,0.465244752,0
environmental,0.912172375,0
clinical,0.244767498,0
environmental,0.686274283,0
clinical,0.326367097,0
environmental,0.406283704,0
environmental,0.742704868,0
environmental,0.822249701,0
environmental,0.372357571,0
clinical,0.836538424,0
environmental,0.68039018,0
environmental,0.62847179,0
environmental,0.718716326,0
environmental,0.770303523,0
environmental,0.661831126,0
environmental,0.841565542,0
environmental,0.502764612,0
environmental,0.767333767,0
environmental,0.544100179,0
environmental,0.81493016,0
clinical,0.487947946,0
environmental,0.88327677,0
clinical,0.358315047,0
environmental,0.68640783,0
clinical,0.625552121,0
clinical,0.452132278,0
environmental,0.461180604,0
clinical,0.508371572,0
environmental,0.695576736,0
environmental,0.851322418,0
clinical,0.672539682,0
environmental,0.495726382,0
environmental,0.384402492,0
environmental,0.491499956,0
clinical,0.347780559,0
clinical,0.576781476,0
clinical,0.624874947,0
clinical,0.771115183,0
environmental,0.850461853,0
environmental,0.461108911,0
environmental,0.752909319,0
environmental,0.428596164,0
environmental,0.744855385,0
environmental,0.820642646,0
environmental,0.554525029,0
environmental,0.727519109,0
environmental,0.361829788,0
environmental,0.87335994,0
environmental,0.503986453,0
clinical,0.314423182,0
environmental,0.64123888,0
environmental,0.60507619,0
environmental,0.490755162,0
environmental,0.717246991,0
environmental,0.619371009,0
environmental,0.713961122,0
clinical,0.490714937,0
clinical,0.256275273,0
environmental,0.461606143,0
clinical,0.234684989,0
environmental,0.793849158,0
environmental,0.628403094,0
environmental,0.471832822,0
environmental,0.567891596,0
clinical,0.674905927,0
clinical,0.301307855,0
environmental,0.74632986,0
environmental,0.8534527,0
environmental,0.562571493,0
environmental,0.270400844,0
environmental,0.72008174,0
clinical,0.357934403,0
environmental,0.690636934,0
environmental,0.716782232,0
environmental,0.837575107,0
environmental,0.653637016,0
environmental,0.5889538,0
clinical,0.534859547,0
environmental,0.614287273,0
environmental,0.501689575,0
environmental,0.65287862,0
environmental,0.686871385,0
clinical,0.428992357,0
environmental,0.556682129,0
environmental,0.609791227,0
clinical,0.561939253,0
environmental,0.787359682,0
environmental,0.415241521,0
environmental,0.794388205,0
environmental,0.758239343,0
clinical,0.691491573,0
environmental,0.711284523,0
clinical,0.55592803,0
environmental,0.525817726,0
environmental,0.446817834,0
environmental,0.406140601,0
environmental,0.77471329,0
environmental,0.33906971,0
environmental,0.538887595,0
environmental,0.475813208,0
clinical,0.327634348,0
environmental,0.665376171,0
environmental,0.49065149,0
environmental,0.736889575,0
environmental,0.242138441,0
environmental,0.661736761,0
environmental,0.75344936,0
environmental,0.470165758,0
environmental,0.302855881,0
environmental,0.841156754,0
environmental,0.378968503,0
environmental,0.337601225,0
environmental,0.779962914,0
environmental,0.734106319,0
environmental,0.684400128,0
environmental,0.499788823,0
environmental,0.676504828,0
environmental,0.342549246,0
environmental,0.755296489,0
environmental,0.469499885,0
environmental,0.549627285,0
environmental,0.556952596,0
environmental,0.883342031,0
clinical,0.724631156,0
environmental,0.802055687,0
environmental,0.571417107,0
environmental,0.730724633,0
environmental,0.868037017,0
environmental,0.694067403,0
environmental,0.463469675,1
clinical,0.524299118,1
environmental,0.848424294,1
environmental,0.643092006,1
environmental,0.417023784,1
environmental,0.565487978,1
clinical,0.554487668,1
environmental,0.669045564,1
clinical,0.57167196,1
environmental,0.751683189,1
environmental,0.543741944,1
environmental,0.627858049,1
environmental,0.857038628,1
environmental,0.774635313,1
environmental,0.318000289,1
environmental,0.604642406,1
clinical,0.264696766,1
clinical,0.605915288,1
environmental,0.804598499,1
environmental,0.671298547,1
environmental,0.358992759,1
environmental,0.783168579,1
environmental,0.759741154,1
environmental,0.732921651,1
environmental,0.733795833,1
environmental,0.58773636,1
environmental,0.505941759,1
clinical,0.521239803,1
clinical,0.599896214,1
environmental,0.60893131,1
environmental,0.844437708,1
clinical,0.374218538,1
environmental,0.60569658,1
clinical,0.329519237,1
clinical,0.682974678,1
environmental,0.503549043,1
environmental,0.458870662,1
environmental,0.810107871,1
environmental,0.624371398,1
environmental,0.522578646,1
environmental,0.805340805,1
environmental,0.559164952,1
environmental,0.740941478,1
environmental,0.410320521,1
environmental,0.506081531,1
clinical,0.39814019,1
environmental,0.610997526,1
environmental,0.804719339,1
environmental,0.550666236,1
clinical,0.298988248,1
clinical,0.461232078,1
environmental,0.444748618,1
environmental,0.560083907,1
environmental,0.729762299,1
clinical,0.349264258,1
environmental,0.512175005,1
environmental,0.610900277,1
environmental,0.655638511,1
clinical,0.71760298,1
environmental,0.607622525,1
environmental,0.675964493,1
environmental,0.891038468,1
environmental,0.603553332,1
environmental,0.655480106,1
environmental,0.436838729,1
environmental,0.779103009,1
environmental,0.845130349,1
environmental,0.646890211,1
environmental,0.378737028,1
environmental,0.917987558,1
environmental,0.903518454,1
environmental,0.845726254,1
clinical,0.459266679,1
environmental,0.770022975,1
environmental,0.832225676,1
clinical,0.330016777,1
environmental,0.578095778,1
clinical,0.514148572,1
environmental,0.366092601,1
clinical,0.643274571,1
environmental,0.802696799,1
environmental,0.863391448,1
environmental,0.790255083,1
environmental,0.917609865,1
environmental,0.654557089,1
clinical,0.736764528,1
environmental,0.895247685,1
environmental,0.70352932,1
environmental,0.425950489,1
clinical,0.371685124,1
environmental,0.523365846,1
clinical,0.66863057,1
environmental,0.73397377,1
clinical,0.352561468,1
environmental,0.475189718,1
clinical,0.520099137,1
environmental,0.59065761,1
environmental,0.585445795,1
environmental,0.504960717,1
environmental,0.276509806,1
environmental,0.539279833,1
environmental,0.630038616,1
environmental,0.317109722,1
environmental,0.665307947,1
environmental,0.505697093,1
clinical,0.663548512,1
environmental,0.422327962,1
environmental,0.343608206,1
environmental,0.302176962,1
environmental,0.321771303,1
environmental,0.857662577,1
environmental,0.764632681,1
environmental,0.334136195,1
environmental,0.234270927,1
environmental,0.705059408,1
environmental,0.555267606,1
environmental,0.434857805,1
environmental,0.239891271,1
environmental,0.530618541,1
clinical,0.639629459,1
environmental,0.552832379,1
environmental,0.862729248,1
environmental,0.369433668,1
clinical,0.424162429,1
environmental,0.738837219,1
environmental,0.588147156,1
environmental,0.569010624,1
environmental,0.754618415,1
environmental,0.599994823,1
environmental,0.705831432,1
clinical,0.636189974,1
environmental,0.683019402,1
environmental,0.760999908,1
clinical,0.542100001,1
environmental,0.474524994,1
environmental,0.52517405,1
environmental,0.586505151,1
environmental,0.606738086,1
clinical,0.584541096,1
environmental,0.626097174,1
environmental,0.386848795,1
environmental,0.331027476,1
environmental,0.710201166,1
environmental,0.74461763,1
environmental,0.680266504,1
clinical,0.223560069,1
environmental,0.684772881,1
environmental,0.595139358,1
environmental,0.48184474,1
environmental,0.600851208,1
clinical,0.275165344,1
environmental,0.73185399,1
environmental,0.472359502,1
environmental,0.643713311,1
environmental,0.358083743,1
environmental,0.770792419,1
environmental,0.319507944,1
environmental,0.63737932,1
environmental,0.921633026,1
environmental,0.697397935,1
environmental,0.447089608,1
clinical,0.775735455,1
environmental,0.846118439,1
environmental,0.754653816,1
environmental,0.816509926,1
environmental,0.543491764,1
clinical,0.671952696,1
environmental,0.740181222,1
clinical,0.445554969,1
clinical,0.392941004,1
clinical,0.263553692,1
environmental,0.475554682,1
environmental,0.690152019,1
clinical,0.454936296,1
clinical,0.830867241,1
clinical,0.538734775,1
environmental,0.851058698,1
environmental,0.663645868,1
environmental,0.726093482,1
clinical,0.285870457,1
environmental,0.678362213,1
environmental,0.806261636,1
environmental,0.704624631,1
clinical,0.490870095,1
environmental,0.805218466,1
environmental,0.614609989,1
environmental,0.508714204,1
clinical,0.788800575,1
environmental,0.473835511,1
environmental,0.585555709,1
environmental,0.788149782,1
environmental,0.776669449,1
environmental,0.622291532,1
environmental,0.361621136,1
environmental,0.712873057,1
environmental,0.705506335,1
clinical,0.447094966,1
environmental,0.691723166,1
environmental,0.876903348,1
environmental,0.51068447,1
environmental,0.457832566,1
environmental,0.605730524,1
environmental,0.666380972,1
environmental,0.589067633,1
clinical,0.207467228,1
environmental,0.706982233,1
environmental,0.581357701,1
environmental,0.747006221,1
environmental,0.490884387,1
environmental,0.692438435,1
environmental,0.452387105,1
clinical,0.512791173,1
environmental,0.671203809,1
environmental,0.665298164,1
environmental,0.531575783,1
environmental,0.665879196,1
environmental,0.337557678,1
environmental,0.664026857,1
environmental,0.699806565,1
environmental,0.833021407,1
environmental,0.55122334,1
clinical,0.267365185,1
environmental,0.718049519,1
environmental,0.553753908,1
environmental,0.489485328,1
environmental,0.770981657,1
environmental,0.821002731,1
environmental,0.51660192,1
environmental,0.690876296,1
environmental,0.697001676,1
environmental,0.71691749,1
environmental,0.33907927,1
clinical,0.757834313,1
environmental,0.713798731,1
environmental,0.535863924,1
environmental,0.345958401,1
environmental,0.638282901,1
environmental,0.3988796,1
environmental,0.699833519,1
environmental,0.759149516,1
environmental,0.535876249,1
environmental,0.421131627,1
environmental,0.761602116,1
environmental,0.782678139,1
environmental,0.501919299,1
environmental,0.854524015,1
environmental,0.515107932,1
environmental,0.699910088,1
environmental,0.413552848,1
environmental,0.719091786,1
clinical,0.37204774,1
environmental,0.692385256,1
clinical,0.678812402,2
environmental,0.328164621,2
environmental,0.701302008,2
environmental,0.758876727,2
environmental,0.393518335,2
environmental,0.685660699,2
clinical,0.545996948,2
environmental,0.291548553,2
environmental,0.369166662,2
clinical,0.665671193,2
environmental,0.790680138,2
environmental,0.427456401,2
environmental,0.481772741,2
environmental,0.732306223,2
environmental,0.830760925,2
environmental,0.599389829,2
clinical,0.507226782,2
environmental,0.851699376,2
environmental,0.622594589,2
environmental,0.588696798,2
environmental,0.58950123,2
clinical,0.676061116,2
environmental,0.878745042,2
clinical,0.275357398,2
environmental,0.61522708,2
environmental,0.61082445,2
environmental,0.267367489,2
environmental,0.687948982,2
environmental,0.599638566,2
clinical,0.614244097,2
environmental,0.881625196,2
environmental,0.703031362,2
environmental,0.236115202,2
environmental,0.58051224,2
clinical,0.498450857,2
environmental,0.662952659,2
environmental,0.748321618,2
environmental,0.621060408,2
environmental,0.340134172,2
environmental,0.845739991,2
environmental,0.748881616,2
environmental,0.731917859,2
environmental,0.59478129,2
environmental,0.734430179,2
environmental,0.767209416,2
environmental,0.628360946,2
environmental,0.727436919,2
environmental,0.507645383,2
clinical,0.377111341,2
clinical,0.43853485,2
clinical,0.480291343,2
environmental,0.751025599,2
environmental,0.525032356,2
clinical,0.480679388,2
environmental,0.844939559,2
environmental,0.845006844,2
clinical,0.29287741,2
environmental,0.778732086,2
environmental,0.77660384,2
environmental,0.531491258,2
clinical,0.861445678,2
environmental,0.671370356,2
environmental,0.82085215,2
environmental,0.705601549,2
environmental,0.889953595,2
environmental,0.883272515,2
environmental,0.47503555,2
environmental,0.475108014,2
environmental,0.859251708,2
environmental,0.767210013,2
clinical,0.753945137,2
environmental,0.770083577,2
environmental,0.6229138,2
environmental,0.716368251,2
environmental,0.748111251,2
environmental,0.581829221,2
environmental,0.668955527,2
environmental,0.616501526,2
clinical,0.310403325,2
environmental,0.601571243,2
clinical,0.530282021,2
environmental,0.474826097,2
environmental,0.635302315,2
environmental,0.581553545,2
environmental,0.424786076,2
environmental,0.540647583,2
environmental,0.805660886,2
environmental,0.530720545,2
environmental,0.519370266,2
environmental,0.758755944,2
environmental,0.693935875,2
clinical,0.362764185,2
clinical,0.434543492,2
environmental,0.58812071,2
clinical,0.379988813,2
environmental,0.596632073,2
environmental,0.847703803,2
environmental,0.633680729,2
environmental,0.563820422,2
environmental,0.802960801,2
environmental,0.423718999,2
environmental,0.41497698,2
environmental,0.505056584,2
environmental,0.642251915,2
environmental,0.709066737,2
environmental,0.449844172,2
environmental,0.77191529,2
clinical,0.358841657,2
environmental,0.473600026,2
clinical,0.71632136,2
clinical,0.849713477,2
clinical,0.642671339,2
environmental,0.612120548,2
environmental,0.768270257,2
environmental,0.345367547,2
environmental,0.720675435,2
environmental,0.792578457,2
environmental,0.56431732,2
environmental,0.7801698,2
environmental,0.811889262,2
environmental,0.848933846,2
clinical,0.447222731,2
environmental,0.74119165,2
clinical,0.380041792,2
environmental,0.82510742,2
environmental,0.504831702,2
environmental,0.750830099,2
environmental,0.472848822,2
clinical,0.509965751,2
environmental,0.605230586,2
environmental,0.827859594,2
environmental,0.523763753,2
environmental,0.518995168,2
environmental,0.461669146,2
environmental,0.757129388,2
environmental,0.787322867,2
environmental,0.72874639,2
environmental,0.707467457,2
environmental,0.731039372,2
environmental,0.354795642,2
environmental,0.893195271,2
environmental,0.43860325,2
environmental,0.826900954,2
clinical,0.536882652,2
environmental,0.4986232,2
environmental,0.480472589,2
environmental,0.915321986,2
clinical,0.436839451,2
environmental,0.517485592,2
environmental,0.645383744,2
environmental,0.507526835,2
environmental,0.614997624,2
environmental,0.410246844,2
environmental,0.517269263,2
clinical,0.252683268,2
environmental,0.377586345,2
environmental,0.842526652,2
environmental,0.914994069,2
environmental,0.531818979,2
environmental,0.369761171,2
clinical,0.318831736,2
environmental,0.823486428,2
clinical,0.423898746,2
environmental,0.50894893,2
environmental,0.666014692,2
clinical,0.329381459,2
environmental,0.660099075,2
environmental,0.67441072,2
clinical,0.32239782,2
environmental,0.331882767,2
environmental,0.521604354,2
environmental,0.684581161,2
environmental,0.843351947,2
clinical,0.374853786,2
clinical,0.615559234,2
environmental,0.827302919,2
environmental,0.58255985,2
environmental,0.450371505,2
environmental,0.704701857,2
environmental,0.816165918,2
environmental,0.683144458,2
environmental,0.704153284,2
environmental,0.814849995,2
environmental,0.844598348,2
environmental,0.653208871,2
environmental,0.527215884,2
environmental,0.740185405,2
environmental,0.722950216,2
environmental,0.637391457,2
environmental,0.549870993,2
clinical,0.686813877,2
environmental,0.54933464,2
environmental,0.713519654,2
clinical,0.66324328,2
environmental,0.806443522,2
clinical,0.19742681,2
clinical,0.66620681,2
clinical,0.530423108,2
environmental,0.759200986,2
environmental,0.552635155,2
environmental,0.527350248,2
environmental,0.462082481,2
clinical,0.560767798,2
environmental,0.634384241,2
environmental,0.516033321,2
environmental,0.527617943,2
environmental,0.651009953,2
environmental,0.593184284,2
clinical,0.352223067,2
environmental,0.51896334,2
environmental,0.668512603,2
environmental,0.341614675,2
environmental,0.76952654,2
environmental,0.369340609,2
environmental,0.747636532,2
environmental,0.73229862,2
environmental,0.460627433,2
environmental,0.429114826,2
environmental,0.400146038,2
environmental,0.297931826,2
environmental,0.53210207,2
environmental,0.424776416,2
environmental,0.598209227,2
clinical,0.364562279,2
environmental,0.602908039,2
environmental,0.758869399,2
environmental,0.525779813,2
environmental,0.537848514,2
environmental,0.746281626,2
clinical,0.585633688,2
environmental,0.412116084,2
environmental,0.707001369,2
environmental,0.669467141,2
environmental,0.841421059,2
clinical,0.578086369,2
environmental,0.847685138,2
environmental,0.519502141,2
environmental,0.719015999,2
clinical,0.678237046,2
environmental,0.853681007,2
environmental,0.550795476,2
clinical,0.456990194,2
environmental,0.633814964,2
environmental,0.417474932,2
environmental,0.65994817,2
environmental,0.507814305,2
environmental,0.621215844,2
environmental,0.806020372,2
environmental,0.701141179,2
clinical,0.434662854,2
environmental,0.765322197,2
environmental,0.754199148,2
environmental,0.644371504,3
environmental,0.608701504,3
environmental,0.551889657,3
environmental,0.823975145,3
environmental,0.286738256,3
environmental,0.515553979,3
environmental,0.466983174,3
environmental,0.688618781,3
environmental,0.745983661,3
environmental,0.674950997,3
environmental,0.715819338,3
environmental,0.814992564,3
clinical,0.672014174,3
environmental,0.409561083,3
clinical,0.411512531,3
environmental,0.683048267,3
environmental,0.445222264,3
environmental,0.324261422,3
environmental,0.658987214,3
clinical,0.578453992,3
clinical,0.687251379,3
environmental,0.400143335,3
environmental,0.703197867,3
clinical,0.443082613,3
environmental,0.891126561,3
environmental,0.575357625,3
clinical,0.424946395,3
environmental,0.564665909,3
environmental,0.661004476,3
environmental,0.68575748,3
environmental,0.531239382,3
environmental,0.785734075,3
environmental,0.676423454,3
environmental,0.697288913,3
environmental,0.701518702,3
environmental,0.861769585,3
environmental,0.515513615,3
environmental,0.761320608,3
environmental,0.448949554,3
environmental,0.47402112,3
environmental,0.714092652,3
clinical,0.205399951,3
environmental,0.686268734,3
environmental,0.363936019,3
clinical,0.260947588,3
clinical,0.453129158,3
environmental,0.637649483,3
environmental,0.522584652,3
environmental,0.500036762,3
clinical,0.489509634,3
clinical,0.459779137,3
environmental,0.582015436,3
clinical,0.602272807,3
environmental,0.536791268,3
environmental,0.600603163,3
environmental,0.539562271,3
environmental,0.552917984,3
environmental,0.675661362,3
clinical,0.341410245,3
clinical,0.57272555,3
environmental,0.493247136,3
clinical,0.827220041,3
environmental,0.558140075,3
environmental,0.589600309,3
environmental,0.928497189,3
environmental,0.709097731,3
environmental,0.692561954,3
clinical,0.359447876,3
environmental,0.791491106,3
environmental,0.737223672,3
clinical,0.438712964,3
environmental,0.829560131,3
environmental,0.647365545,3
environmental,0.600282243,3
clinical,0.455005916,3
environmental,0.8327181,3
environmental,0.692434367,3
environmental,0.522697027,3
environmental,0.890385986,3
environmental,0.454355977,3
clinical,0.476863326,3
clinical,0.701099393,3
environmental,0.685483208,3
clinical,0.488612781,3
environmental,0.878805204,3
environmental,0.514286918,3
environmental,0.422343172,3
clinical,0.543070791,3
environmental,0.558081817,3
environmental,0.725321539,3
environmental,0.89762711,3
environmental,0.837686375,3
environmental,0.671887282,3
environmental,0.89869593,3
environmental,0.856136208,3
clinical,0.25607665,3
environmental,0.680187218,3
clinical,0.429707098,3
environmental,0.778052506,3
clinical,0.653117609,3
environmental,0.809677467,3
environmental,0.626255531,3
environmental,0.303595351,3
environmental,0.513259716,3
clinical,0.184906547,3
environmental,0.776430248,3
clinical,0.600943919,3
environmental,0.262161878,3
environmental,0.602937624,3
clinical,0.799708146,3
environmental,0.305029699,3
environmental,0.750024655,3
clinical,0.730844978,3
environmental,0.794182638,3
environmental,0.638472526,3
environmental,0.936908746,3
environmental,0.735370022,3
environmental,0.761640684,3
environmental,0.305313072,3
environmental,0.699823614,3
environmental,0.909122951,3
environmental,0.889736662,3
environmental,0.708801056,3
environmental,0.851922079,3
environmental,0.759791236,3
environmental,0.804795135,3
environmental,0.667035688,3
environmental,0.734867858,3
environmental,0.666828867,3
environmental,0.785461322,3
environmental,0.6010203,3
environmental,0.676807755,3
clinical,0.3322025,3
environmental,0.702768145,3
environmental,0.488813788,3
environmental,0.549078853,3
environmental,0.619829114,3
environmental,0.504200631,3
environmental,0.699665369,3
environmental,0.296507724,3
environmental,0.452744748,3
environmental,0.622549701,3
environmental,0.670083957,3
environmental,0.721643251,3
environmental,0.428791314,3
clinical,0.506050086,3
clinical,0.393289755,3
environmental,0.590922752,3
environmental,0.655544395,3
clinical,0.569027051,3
environmental,0.594646897,3
environmental,0.647112116,3
environmental,0.507997488,3
environmental,0.717887013,3
environmental,0.53045091,3
environmental,0.716683536,3
environmental,0.574824219,3
environmental,0.503589887,3
environmental,0.818104074,3
environmental,0.391354952,3
environmental,0.698375091,3
environmental,0.71931405,3
environmental,0.644105662,3
environmental,0.702402724,3
environmental,0.553334793,3
environmental,0.69551991,3
environmental,0.282919206,3
environmental,0.566927482,3
environmental,0.539374518,3
environmental,0.745938,3
environmental,0.546422004,3
environmental,0.465581759,3
environmental,0.7576429,3
environmental,0.52654444,3
environmental,0.468993072,3
clinical,0.258915053,3
environmental,0.58236889,3
environmental,0.513198494,3
environmental,0.372127009,3
environmental,0.845040162,3
environmental,0.466074643,3
environmental,0.714898583,3
environmental,0.753747502,3
environmental,0.909018708,3
environmental,0.762183889,3
environmental,0.690841779,3
clinical,0.357817611,3
environmental,0.891552137,3
clinical,0.611908648,3
environmental,0.415066995,3
environmental,0.440980267,3
environmental,0.53990256,3
environmental,0.718539619,3
clinical,0.525177312,3
environmental,0.463475631,3
environmental,0.433972921,3
environmental,0.640838358,3
environmental,0.769611091,3
environmental,0.832649123,3
environmental,0.481827689,3
environmental,0.781081598,3
environmental,0.733667545,3
clinical,0.622052901,3
environmental,0.429515765,3
clinical,0.579945623,3
environmental,0.566254829,3
environmental,0.895171369,3
environmental,0.87331628,3
environmental,0.538717419,3
clinical,0.705328714,3
clinical,0.484963027,3
clinical,0.566567472,3
environmental,0.688666415,3
environmental,0.364712583,3
environmental,0.634124788,3
environmental,0.559177486,3
environmental,0.319355807,3
environmental,0.780742115,3
environmental,0.601118179,3
environmental,0.808619835,3
environmental,0.378274274,3
environmental,0.611148797,3
environmental,0.820887669,3
environmental,0.632844892,3
environmental,0.665401899,3
clinical,0.275190223,3
environmental,0.637649284,3
environmental,0.552279962,3
environmental,0.794502264,3
environmental,0.731034762,3
clinical,0.528562053,3
clinical,0.361748339,3
environmental,0.471638668,3
environmental,0.571612994,3
environmental,0.720820686,3
environmental,0.517009923,3
environmental,0.876202076,3
environmental,0.721942358,3
environmental,0.549824251,3
environmental,0.717103521,3
clinical,0.472607721,3
environmental,0.515948011,3
environmental,0.810766108,3
clinical,0.438364227,3
clinical,0.491875389,3
environmental,0.894510853,3
environmental,0.603063657,3
environmental,0.633975288,3
environmental,0.384175204,3
clinical,0.435535842,3
environmental,0.531976954,3
environmental,0.576860747,3
environmental,0.446723331,4
environmental,0.481149695,4
clinical,0.6572859,4
clinical,0.673698642,4
environmental,0.475050719,4
environmental,0.588718374,4
environmental,0.573288859,4
clinical,0.727219884,4
environmental,0.841597929,4
clinical,0.718385518,4
environmental,0.706232173,4
clinical,0.589626824,4
environmental,0.415511976,4
clinical,0.758722566,4
environmental,0.845274442,4
environmental,0.813600762,4
environmental,0.490119792,4
clinical,0.468573934,4
environmental,0.731936956,4
clinical,0.386103758,4
environmental,0.941943684,4
environmental,0.792049401,4
environmental,0.558459147,4
environmental,0.515925611,4
environmental,0.611123619,4
clinical,0.494343211,4
environmental,0.487359267,4
environmental,0.484863188,4
environmental,0.767006049,4
environmental,0.648212964,4
clinical,0.596494013,4
environmental,0.756117554,4
environmental,0.719528571,4
environmental,0.616034151,4
environmental,0.37495438,4
environmental,0.547430878,4
environmental,0.445065849,4
environmental,0.480147,4
environmental,0.67109102,4
environmental,0.52199633,4
environmental,0.561544254,4
environmental,0.517591623,4
environmental,0.75323061,4
environmental,0.342352384,4
environmental,0.633910243,4
environmental,0.644888703,4
environmental,0.602022731,4
environmental,0.846019305,4
environmental,0.533979961,4
clinical,0.334547988,4
environmental,0.676871233,4
environmental,0.704622617,4
environmental,0.751422195,4
environmental,0.737958947,4
environmental,0.648485376,4
environmental,0.489311189,4
clinical,0.562365805,4
environmental,0.671357091,4
environmental,0.324156092,4
environmental,0.861584267,4
environmental,0.761290269,4
environmental,0.297557998,4
environmental,0.695325178,4
environmental,0.893926804,4
clinical,0.55487338,4
environmental,0.886686867,4
clinical,0.709197555,4
environmental,0.886569635,4
environmental,0.36021352,4
environmental,0.490102059,4
environmental,0.595053453,4
environmental,0.566501902,4
environmental,0.813414309,4
environmental,0.679039132,4
clinical,0.428303966,4
clinical,0.274337628,4
clinical,0.453485793,4
environmental,0.32800375,4
environmental,0.868225609,4
clinical,0.606696524,4
environmental,0.327364698,4
environmental,0.505636037,4
environmental,0.529593446,4
environmental,0.625701952,4
environmental,0.669349146,4
environmental,0.794431857,4
clinical,0.210277031,4
environmental,0.461407663,4
environmental,0.757627486,4
environmental,0.498298851,4
environmental,0.553279385,4
environmental,0.514875086,4
environmental,0.68211845,4
environmental,0.570274091,4
environmental,0.70615522,4
environmental,0.669519265,4
environmental,0.748235303,4
environmental,0.66867398,4
environmental,0.686161919,4
environmental,0.607931069,4
environmental,0.69920515,4
environmental,0.582832215,4
clinical,0.662162731,4
environmental,0.539521127,4
clinical,0.356566204,4
clinical,0.471716094,4
clinical,0.308463413,4
clinical,0.579651309,4
environmental,0.760579153,4
clinical,0.876225262,4
environmental,0.645691656,4
environmental,0.775060723,4
environmental,0.703661886,4
environmental,0.601863738,4
environmental,0.664392238,4
environmental,0.609211465,4
environmental,0.516593835,4
environmental,0.26641779,4
environmental,0.794772363,4
environmental,0.83101879,4
environmental,0.502828947,4
clinical,0.255511673,4
environmental,0.84263202,4
environmental,0.860033702,4
clinical,0.49179417,4
clinical,0.449608286,4
environmental,0.627175435,4
environmental,0.79589924,4
environmental,0.517717873,4
environmental,0.719167455,4
clinical,0.413493839,4
clinical,0.486627173,4
environmental,0.694079116,4
environmental,0.552919232,4
environmental,0.738032483,4
environmental,0.561149591,4
environmental,0.42656943,4
environmental,0.446734459,4
environmental,0.729886031,4
environmental,0.586324851,4
environmental,0.715754421,4
environmental,0.771186918,4
environmental,0.493679882,4
environmental,0.866427325,4
clinical,0.487981687,4
clinical,0.475870974,4
environmental,0.765155043,4
environmental,0.446612765,4
environmental,0.764648943,4
environmental,0.829572264,4
environmental,0.70170166,4
environmental,0.463530579,4
environmental,0.222542544,4
environmental,0.59464675,4
environmental,0.382072337,4
environmental,0.682047714,4
environmental,0.604885731,4
environmental,0.457054986,4
environmental,0.853334835,4
environmental,0.293845093,4
environmental,0.890974398,4
environmental,0.368618163,4
environmental,0.806188215,4
environmental,0.935425734,4
environmental,0.478417893,4
environmental,0.481629874,4
environmental,0.392741506,4
environmental,0.880709403,4
environmental,0.756464515,4
clinical,0.493852963,4
environmental,0.81844162,4
clinical,0.194883634,4
environmental,0.54552962,4
environmental,0.534908392,4
environmental,0.61804174,4
environmental,0.342488816,4
clinical,0.666663896,4
environmental,0.476354559,4
environmental,0.548306903,4
environmental,0.41361294,4
environmental,0.78231408,4
environmental,0.76128825,4
environmental,0.61188621,4
environmental,0.731753944,4
environmental,0.743522565,4
environmental,0.809070814,4
environmental,0.74706629,4
clinical,0.462192879,4
environmental,0.595709911,4
clinical,0.71469026,4
environmental,0.709641605,4
environmental,0.574905292,4
environmental,0.761174953,4
environmental,0.724920411,4
clinical,0.365872745,4
clinical,0.638063638,4
environmental,0.600560433,4
clinical,0.592154298,4
environmental,0.690852232,4
environmental,0.476431839,4
clinical,0.460531239,4
environmental,0.635965225,4
environmental,0.787058859,4
environmental,0.59068938,4
environmental,0.437242142,4
clinical,0.364621263,4
environmental,0.533994846,4
environmental,0.535533392,4
clinical,0.573588872,4
environmental,0.649833841,4
environmental,0.528922397,4
clinical,0.298976016,4
environmental,0.26659212,4
environmental,0.401389854,4
environmental,0.653094056,4
environmental,0.681374889,4
environmental,0.459043668,4
environmental,0.610703264,4
clinical,0.712219085,4
environmental,0.859995941,4
environmental,0.857196125,4
environmental,0.759984346,4
environmental,0.593208276,4
environmental,0.643581542,4
environmental,0.848576746,4
environmental,0.404404544,4
environmental,0.470426691,4
environmental,0.743227863,4
environmental,0.792962415,4
environmental,0.727118452,4
environmental,0.69281742,4
environmental,0.576022969,4
clinical,0.432553694,4
environmental,0.622786755,4
environmental,0.320932837,4
environmental,0.745818424,4
environmental,0.688040151,4
environmental,0.783054182,4
environmental,0.642440605,4
environmental,0.726367866,4
environmental,0.32012687,4
environmental,0.794933588,4
environmental,0.304293259,4
environmental,0.353891279,4
clinical,0.444906099,4
clinical,0.52209253,4
environmental,0.856124323,4
environmental,0.741821996,4
clinical,0.347340267,4
environmental,0.660144719,4
environmental,0.666195951,4
environmental,0.551208243,4