,Sample,cluster,dataset,cyp51a,TR34,Itraconazole,Posaconazole,Voriconazole,overall_resistant
0,182-K-1-3L-4,-1,Environment,,,susceptible,susceptible,susceptible,susceptible
1,255-F-1-3L-1,-1,Environment,,,susceptible,susceptible,susceptible,susceptible
2,10-C-1-40s-1,1,Environment,,,susceptible,susceptible,susceptible,susceptible
3,106-C-1-72s-2,1,Environment,wt,wt,resistant,susceptible,susceptible,resistant
4,3-D-2-2s-2,1,Environment,,,susceptible,susceptible,susceptible,susceptible
5,313-H-1-15-2,1,Environment,wt,wt,resistant,susceptible,susceptible,resistant
6,350-E-1-37L-2,1,Environment,,,susceptible,susceptible,susceptible,susceptible
7,373-C-1-40L-2,1,Environment,wt,wt,susceptible,susceptible,susceptible,susceptible
8,424-D-2-22s-1,1,Environment,wt,wt,susceptible,susceptible,susceptible,susceptible
9,441-A-3-45L-2,1,Environment,wt,wt,susceptible,susceptible,susceptible,susceptible
10,470-E-1-14-1,1,Environment,wt,wt,susceptible,susceptible,susceptible,susceptible
11,514-H-1-29-2,1,Environment,,,susceptible,susceptible,susceptible,susceptible
12,570-H-1-23-3,1,Environment,wt,wt,susceptible,susceptible,susceptible,susceptible
13,680-L-3-13-2,1,Environment,,,susceptible,susceptible,susceptible,susceptible
14,683-L-3-24-1,1,Environment,,,susceptible,susceptible,susceptible,susceptible
15,684-L-3-7-1,1,Environment,wt,wt,resistant,resistant,susceptible,resistant
16,746-B-1-45-2,1,Environment,wt,wt,susceptible,susceptible,susceptible,susceptible
17,788-A-3-30s-2,1,Environment,wt,wt,susceptible,susceptible,susceptible,susceptible
18,84-D-2-49L-5,1,Environment,,,susceptible,susceptible,susceptible,susceptible
19,863-A-2-35L-1,1,Environment,,,susceptible,susceptible,susceptible,susceptible
20,865-A-2-44L-2,1,Environment,,,susceptible,susceptible,susceptible,susceptible
21,87-D-2-49L-2,1,Environment,,,susceptible,susceptible,susceptible,susceptible
22,94-D-2-28L-1,1,Environment,,,susceptible,susceptible,susceptible,susceptible
23,C19-NRZ-2017-214,1,Hospitals,mutation,wt,resistant,resistant,resistant,resistant
24,C39-NRZ-2018-286,1,Hospitals,,,susceptible,susceptible,susceptible,susceptible
25,C6-NRZ-2016-108,1,Hospitals,,,resistant,susceptible,resistant,resistant
26,C9-NRZ-2016-342,1,Hospitals,,,resistant,resistant,resistant,resistant
27,105-D-2-38L-1,2,Environment,,,susceptible,susceptible,susceptible,susceptible
28,15-D-2-39L-1,2,Environment,,,susceptible,susceptible,susceptible,susceptible
29,193-L-2-16-1,2,Environment,,,susceptible,susceptible,susceptible,susceptible
30,194-L-2-17-1,2,Environment,,,susceptible,susceptible,susceptible,susceptible
31,198-L-2-7-1,2,Environment,,,susceptible,susceptible,susceptible,susceptible
32,200-L-2-9-1,2,Environment,,,susceptible,susceptible,susceptible,susceptible
33,201-L-2-9-5,2,Environment,,,susceptible,susceptible,susceptible,susceptible
34,207-L-2-16-3,2,Environment,,,susceptible,susceptible,susceptible,susceptible
35,25-D-2-26s-1,2,Environment,,,susceptible,susceptible,susceptible,susceptible
36,26-D-2-29s-1,2,Environment,,,susceptible,susceptible,susceptible,susceptible
37,285-I-1-2-4,2,Environment,wt,wt,susceptible,susceptible,susceptible,susceptible
38,302-B-1-32-1,2,Environment,wt,wt,susceptible,susceptible,susceptible,susceptible
39,303-B-1-32-3,2,Environment,,,susceptible,susceptible,susceptible,susceptible
40,326-C-1-31s-1,2,Environment,wt,wt,susceptible,susceptible,susceptible,susceptible
41,328-C-1-30L-1,2,Environment,,,susceptible,susceptible,susceptible,susceptible
42,333-C-1-28L-1,2,Environment,wt,wt,susceptible,susceptible,susceptible,susceptible
43,407-L-2-4-3,2,Environment,,,susceptible,susceptible,susceptible,susceptible
44,451-D-2-24s-1,2,Environment,,,susceptible,susceptible,susceptible,susceptible
45,453-E-1-56s-1,2,Environment,,,susceptible,susceptible,susceptible,susceptible
46,477-E-1-25-10,2,Environment,,,susceptible,susceptible,susceptible,susceptible
47,479-L-2-13-4,2,Environment,,,susceptible,susceptible,susceptible,susceptible
48,5-C-1-24L-3,2,Environment,,,susceptible,susceptible,susceptible,susceptible
49,54-C-1-66L-2,2,Environment,,,susceptible,susceptible,susceptible,susceptible
50,6-C-1-49-1,2,Environment,,,susceptible,susceptible,susceptible,susceptible
51,676-L-3-13-1,2,Environment,,,susceptible,susceptible,susceptible,susceptible
52,690-L-3-22-2,2,Environment,,,susceptible,susceptible,susceptible,susceptible
53,743-B-1-45-5,2,Environment,wt,wt,susceptible,susceptible,susceptible,susceptible
54,79-C-1-69s-1,2,Environment,,,susceptible,susceptible,susceptible,susceptible
55,82-D-2-47L-2,2,Environment,,,susceptible,susceptible,susceptible,susceptible
56,969-B-1-26-5,2,Environment,,,susceptible,susceptible,susceptible,susceptible
57,99-C-1-77s-2,2,Environment,,,susceptible,susceptible,susceptible,susceptible
58,C10-NRZ-2017-039,2,Hospitals,,,resistant,resistant,susceptible,resistant
59,C2-NRZ-2015-218,2,Hospitals,,,resistant,susceptible,susceptible,resistant
60,C30-NRZ-2017-546,2,Hospitals,,,susceptible,susceptible,susceptible,susceptible
61,C48-NRZ-2018-539,2,Hospitals,mutation,wt,resistant,susceptible,resistant,resistant
62,1-D-2-2s-3,3,Environment,,,susceptible,susceptible,susceptible,susceptible
63,104-D-2-32L-1,3,Environment,,,susceptible,susceptible,susceptible,susceptible
64,114-B-1-69L-1,3,Environment,,,susceptible,susceptible,susceptible,susceptible
65,118-B-1-63s-1,3,Environment,,,susceptible,susceptible,susceptible,susceptible
66,119-B-1-66s-1,3,Environment,,,susceptible,susceptible,susceptible,susceptible
67,12-D-2-44L-1,3,Environment,,,susceptible,susceptible,susceptible,susceptible
68,124-B-1-66L-1,3,Environment,,,susceptible,susceptible,susceptible,susceptible
69,125-B-1-73L-1,3,Environment,,,susceptible,susceptible,susceptible,susceptible
70,126-A-2-26s-2,3,Environment,,,susceptible,susceptible,susceptible,susceptible
71,13-D-2-43L-1,3,Environment,,,susceptible,susceptible,susceptible,susceptible
72,14-D-2-43L-2,3,Environment,,,susceptible,susceptible,susceptible,susceptible
73,154-A-2-47L-2,3,Environment,,,susceptible,susceptible,susceptible,susceptible
74,155-A-2-47s-3,3,Environment,,,susceptible,susceptible,susceptible,susceptible
75,169-K-1-18L-3,3,Environment,,,susceptible,susceptible,susceptible,susceptible
76,174-K-1-32s-1,3,Environment,,,susceptible,susceptible,susceptible,susceptible
77,186-K-1-18L-6,3,Environment,,,susceptible,susceptible,susceptible,susceptible
78,22-C-1-60L-1,3,Environment,,,susceptible,susceptible,susceptible,susceptible
79,231-K-1-12L-1,3,Environment,,,susceptible,susceptible,susceptible,susceptible
80,238-F-1-4L-1,3,Environment,,,susceptible,susceptible,susceptible,susceptible
81,271-I-1-32-1,3,Environment,,,susceptible,susceptible,susceptible,susceptible
82,29-D-2-35s-1,3,Environment,,,susceptible,susceptible,susceptible,susceptible
83,325-C-1-6s-3,3,Environment,wt,wt,susceptible,susceptible,susceptible,susceptible
84,332-C-1-31L-1,3,Environment,wt,wt,susceptible,susceptible,susceptible,susceptible
85,382-A-2-35s-1,3,Environment,,,susceptible,susceptible,susceptible,susceptible
86,386-C-1-33L-1,3,Environment,,,susceptible,susceptible,susceptible,susceptible
87,390-A-2-36s-3,3,Environment,,,susceptible,susceptible,susceptible,susceptible
88,394-L-2-24-1,3,Environment,wt,wt,susceptible,susceptible,susceptible,susceptible
89,429-D-2-25L-2,3,Environment,wt,wt,susceptible,susceptible,susceptible,susceptible
90,468-H-1-30-2,3,Environment,,,susceptible,susceptible,susceptible,susceptible
91,55-C-1-66L-3,3,Environment,,,susceptible,susceptible,susceptible,susceptible
92,552-H-1-1-2,3,Environment,,,susceptible,susceptible,susceptible,susceptible
93,599-F-1-14-1,3,Environment,wt,wt,susceptible,susceptible,susceptible,susceptible
94,652-G-2-6-1,3,Environment,,,susceptible,susceptible,susceptible,susceptible
95,653-G-2-1-2,3,Environment,,,susceptible,susceptible,susceptible,susceptible
96,663-G-2-3-1,3,Environment,,,susceptible,susceptible,susceptible,susceptible
97,665-G-2-9-2,3,Environment,,,susceptible,susceptible,susceptible,susceptible
98,669-L-3-21-3,3,Environment,,,susceptible,susceptible,susceptible,susceptible
99,7-C-1-34s-1,3,Environment,,,susceptible,susceptible,susceptible,susceptible
100,701-E-1-75s-1,3,Environment,wt,wt,susceptible,susceptible,susceptible,susceptible
101,704-E-1-70L-4,3,Environment,,,susceptible,susceptible,susceptible,susceptible
102,709-A-2-49L-5,3,Environment,,,susceptible,susceptible,susceptible,susceptible
103,716-E-1-70L-5,3,Environment,,,susceptible,susceptible,susceptible,susceptible
104,717-E-1-74s-1,3,Environment,,,susceptible,susceptible,susceptible,susceptible
105,767-E-1-67s-1,3,Environment,wt,wt,susceptible,susceptible,susceptible,susceptible
106,774-B-1-44-s,3,Environment,wt,wt,susceptible,susceptible,susceptible,susceptible
107,882-F-1-39-1,3,Environment,,,susceptible,susceptible,susceptible,susceptible
108,901-A-2-45L-5,3,Environment,,,susceptible,susceptible,susceptible,susceptible
109,940-A-2-43L-2,3,Environment,,,susceptible,susceptible,susceptible,susceptible
110,975-B-1-27-5,3,Environment,,,susceptible,susceptible,susceptible,susceptible
111,978-B-1-46-5,3,Environment,,,susceptible,susceptible,susceptible,susceptible
112,C13-NRZ-2017-069,3,Hospitals,,,susceptible,,susceptible,susceptible
113,C17-NRZ-2017-134,3,Hospitals,,,susceptible,susceptible,susceptible,susceptible
114,C24-NRZ-2017-362,3,Hospitals,,,resistant,resistant,resistant,resistant
115,C28-NRZ-2017-534,3,Hospitals,,,susceptible,susceptible,susceptible,susceptible
116,C29-NRZ-2017-537,3,Hospitals,,,susceptible,susceptible,susceptible,susceptible
117,C32-NRZ-2018-097,3,Hospitals,,,susceptible,susceptible,susceptible,susceptible
118,C34-NRZ-2018-123,3,Hospitals,,,susceptible,susceptible,susceptible,susceptible
119,C43-NRZ-2018-313,3,Hospitals,mutation,mutation,resistant,susceptible,susceptible,resistant
120,C45-NRZ-2018-326,3,Hospitals,,,susceptible,susceptible,susceptible,susceptible
121,C46-NRZ-2018-396,3,Hospitals,,,susceptible,,susceptible,susceptible
122,C49-NRZ-2018-646,3,Hospitals,,,resistant,resistant,resistant,resistant
123,113-B-1-71L-1,4,Environment,,,susceptible,susceptible,susceptible,susceptible
124,115-B-1-70s-1,4,Environment,,,susceptible,susceptible,susceptible,susceptible
125,616-D-2-23L-5,4,Environment,wt,wt,susceptible,susceptible,susceptible,susceptible
126,355-E-1-35-1,5,Environment,wt,wt,susceptible,susceptible,susceptible,susceptible
127,692-L-3-24-3,5,Environment,,,susceptible,susceptible,susceptible,susceptible
128,120-B-1-68s-1,6,Environment,,,susceptible,susceptible,susceptible,susceptible
129,16-D-2-39L-2,6,Environment,,,susceptible,susceptible,susceptible,susceptible
130,180-K-1-8L-1,6,Environment,,,susceptible,susceptible,susceptible,susceptible
131,190-K-1-4s-1,6,Environment,,,susceptible,susceptible,susceptible,susceptible
132,211-L-2-11-2,6,Environment,,,susceptible,susceptible,susceptible,susceptible
133,220-L-2-11-4,6,Environment,,,susceptible,susceptible,susceptible,susceptible
134,227-F-1-10L-1,6,Environment,,,susceptible,susceptible,susceptible,susceptible
135,230-K-1-4s-1,6,Environment,,,susceptible,susceptible,susceptible,susceptible
136,259-I-1-25-1,6,Environment,,,susceptible,susceptible,susceptible,susceptible
137,262-I-1-12-1,6,Environment,mutation,mutation,resistant,resistant,resistant,resistant
138,275-I-1-19-2,6,Environment,,,susceptible,susceptible,susceptible,susceptible
139,334-E-1-48-2,6,Environment,mutation,mutation,resistant,resistant,resistant,resistant
140,349-E-1-33L-1,6,Environment,,,susceptible,susceptible,susceptible,susceptible
141,375-C-1-6s-2,6,Environment,mutation,mutation,resistant,resistant,resistant,resistant
142,377-C-1-33L-2,6,Environment,wt,wt,susceptible,susceptible,susceptible,susceptible
143,4-C-1-24L-2,6,Environment,,,susceptible,susceptible,susceptible,susceptible
144,410-L-2-21-2,6,Environment,wt,wt,susceptible,susceptible,susceptible,susceptible
145,43-C-1-69L-1,6,Environment,,,susceptible,susceptible,susceptible,susceptible
146,439-A-3-46s-1,6,Environment,,,resistant,resistant,resistant,resistant
147,442-D-2-17L-1,6,Environment,,,susceptible,susceptible,susceptible,susceptible
148,47-C-1-72L-1,6,Environment,,,susceptible,susceptible,susceptible,susceptible
149,480-E-1-21-2,6,Environment,,,susceptible,susceptible,susceptible,susceptible
150,52-C-1-64L-2,6,Environment,,,susceptible,susceptible,susceptible,susceptible
151,699-A-2-49L-2,6,Environment,,,susceptible,susceptible,susceptible,susceptible
152,72-C-1-67s-1,6,Environment,mutation,mutation,resistant,resistant,resistant,resistant
153,860-F-1-42-2,6,Environment,,,susceptible,susceptible,susceptible,susceptible
154,9-D-2-15L-2,6,Environment,,,susceptible,susceptible,susceptible,susceptible
155,92-D-2-43s-1,6,Environment,,,susceptible,susceptible,susceptible,susceptible
156,939-E-1-75s-2,6,Environment,,,susceptible,susceptible,susceptible,susceptible
157,C1-NRZ-2014-065,6,Hospitals,mutation,wt,resistant,susceptible,resistant,resistant
158,C20-NRZ-2017-282,6,Hospitals,,,susceptible,susceptible,susceptible,susceptible
159,C25-NRZ-2017-381,6,Hospitals,,,resistant,susceptible,susceptible,resistant
160,C27-NRZ-2017-508,6,Hospitals,,,susceptible,susceptible,susceptible,susceptible
161,C35-NRZ-2018-146,6,Hospitals,,,susceptible,susceptible,susceptible,susceptible
162,C37-NRZ-2018-272,6,Hospitals,,,susceptible,susceptible,susceptible,susceptible
163,C40-NRZ-2018-290,6,Hospitals,mutation,wt,resistant,resistant,susceptible,resistant
164,C47-NRZ-2018-529,6,Hospitals,,,resistant,susceptible,resistant,resistant
165,C4-NRZ-2016-063,6,Hospitals,,,susceptible,susceptible,susceptible,susceptible
166,C7-NRZ-2016-121,6,Hospitals,mutation,mutation,resistant,resistant,resistant,resistant
167,100-C-1-80s-1,7,Environment,,,susceptible,susceptible,susceptible,susceptible
168,111-C-1-76s-1,7,Environment,,,susceptible,susceptible,susceptible,susceptible
169,122-B-1-75L-1,7,Environment,,,susceptible,susceptible,susceptible,susceptible
170,128-A-2-27s-1,7,Environment,,,susceptible,susceptible,susceptible,susceptible
171,153-A-2-48s-2,7,Environment,,,susceptible,susceptible,susceptible,susceptible
172,164-K-1-3L-2,7,Environment,,,susceptible,susceptible,susceptible,susceptible
173,167-K-1-34L-1,7,Environment,,,susceptible,susceptible,susceptible,susceptible
174,210-L-2-22-4,7,Environment,,,susceptible,susceptible,susceptible,susceptible
175,243-F-1-33L-2,7,Environment,,,susceptible,susceptible,susceptible,susceptible
176,264-I-1-22-5,7,Environment,,,susceptible,susceptible,susceptible,susceptible
177,265-I-1-22-4,7,Environment,,,susceptible,susceptible,susceptible,susceptible
178,269-I-1-32-2,7,Environment,wt,wt,susceptible,susceptible,susceptible,susceptible
179,289-I-1-2-2,7,Environment,wt,wt,susceptible,susceptible,susceptible,susceptible
180,305-B-1-48-5,7,Environment,,,susceptible,susceptible,susceptible,susceptible
181,319-B-1-30-1,7,Environment,wt,wt,susceptible,susceptible,susceptible,susceptible
182,393-A-3-43s-1,7,Environment,wt,wt,susceptible,susceptible,susceptible,susceptible
183,423-D-2-25L-3,7,Environment,wt,wt,susceptible,susceptible,susceptible,susceptible
184,452-C-1-51s-1,7,Environment,,,susceptible,susceptible,susceptible,susceptible
185,454-A-3-40L-1,7,Environment,,,susceptible,susceptible,susceptible,susceptible
186,459-H-1-21-5,7,Environment,wt,wt,susceptible,susceptible,susceptible,susceptible
187,473-E-1-7-1,7,Environment,,,susceptible,susceptible,susceptible,susceptible
188,476-H-1-21-9,7,Environment,wt,wt,susceptible,susceptible,susceptible,susceptible
189,487-E-1-20-2,7,Environment,,,susceptible,susceptible,susceptible,susceptible
190,540-K-1-1L-2,7,Environment,wt,wt,susceptible,susceptible,susceptible,susceptible
191,542-K-1-48s-1,7,Environment,wt,wt,susceptible,susceptible,susceptible,susceptible
192,545-K-1-8L-3,7,Environment,wt,wt,susceptible,susceptible,susceptible,susceptible
193,569-H-1-10-6,7,Environment,,,susceptible,susceptible,susceptible,susceptible
194,588-I-1-48-3,7,Environment,wt,wt,susceptible,susceptible,susceptible,susceptible
195,64-C-1-90L-1,7,Environment,,,susceptible,susceptible,susceptible,susceptible
196,649-G-2-22-4,7,Environment,,,susceptible,susceptible,susceptible,susceptible
197,656-G-2-14-1,7,Environment,,,susceptible,susceptible,susceptible,susceptible
198,670-L-3-15-2,7,Environment,wt,wt,susceptible,susceptible,susceptible,susceptible
199,672-L-3-11-1,7,Environment,wt,wt,susceptible,susceptible,susceptible,susceptible
200,698-L-3-11-2,7,Environment,mutation,mutation,resistant,resistant,resistant,resistant
201,74-C-1-94L-2,7,Environment,,,susceptible,susceptible,susceptible,susceptible
202,766-E-1-65L-2,7,Environment,wt,wt,susceptible,susceptible,susceptible,susceptible
203,C11-NRZ-2017-040,7,Hospitals,,,resistant,resistant,resistant,resistant
204,C14-NRZ-2017-076,7,Hospitals,,,resistant,resistant,resistant,resistant
205,C15-NRZ-2017-096,7,Hospitals,,,susceptible,susceptible,susceptible,susceptible
206,C16-NRZ-2017-115,7,Hospitals,,,susceptible,susceptible,susceptible,susceptible
207,C18-NRZ-2017-195,7,Hospitals,,,susceptible,susceptible,susceptible,susceptible
208,C21-NRZ-2017-283,7,Hospitals,,,susceptible,susceptible,susceptible,susceptible
209,C26-NRZ-2017-434,7,Hospitals,,,resistant,susceptible,susceptible,resistant
210,C31-NRZ-2018-043,7,Hospitals,,,susceptible,susceptible,susceptible,susceptible
211,C36-NRZ-2018-236,7,Hospitals,,,susceptible,susceptible,susceptible,susceptible
212,C38-NRZ-2018-281,7,Hospitals,,,susceptible,susceptible,susceptible,susceptible
213,C3-NRZ-2016-032,7,Hospitals,,,susceptible,susceptible,susceptible,susceptible
214,C41-NRZ-2018-300,7,Hospitals,mutation,wt,resistant,resistant,susceptible,resistant
215,C44-NRZ-2017-339,7,Hospitals,,,susceptible,susceptible,susceptible,susceptible
216,C50-NRZ-2018-649,7,Hospitals,,,susceptible,susceptible,susceptible,susceptible
217,C5-NRZ-2016-071,7,Hospitals,,,susceptible,susceptible,susceptible,susceptible
218,110-C-1-76s-2,8,Environment,,,susceptible,susceptible,susceptible,susceptible
219,112-B-1-78L-1,8,Environment,,,susceptible,susceptible,susceptible,susceptible
220,121-B-1-67L-1,8,Environment,,,susceptible,susceptible,susceptible,susceptible
221,179-K-1-1L-5,8,Environment,,,susceptible,susceptible,susceptible,susceptible
222,197-L-2-7-2,8,Environment,,,susceptible,susceptible,susceptible,susceptible
223,2-D-2-15L-3,8,Environment,,,susceptible,susceptible,susceptible,susceptible
224,205-L-2-15-4,8,Environment,,,susceptible,susceptible,susceptible,susceptible
225,229-K-1-24L-1,8,Environment,,,susceptible,susceptible,susceptible,susceptible
226,24-C-1-93s-1,8,Environment,,,susceptible,susceptible,susceptible,susceptible
227,327-C-1-28L-2,8,Environment,,,susceptible,susceptible,susceptible,susceptible
228,336-E-1-49-1,8,Environment,,,susceptible,susceptible,susceptible,susceptible
229,347-E-1-46-2,8,Environment,,,susceptible,susceptible,susceptible,susceptible
230,383-C-1-27s-1,8,Environment,wt,wt,susceptible,susceptible,susceptible,susceptible
231,625-H-1-26-1,8,Environment,,,susceptible,susceptible,susceptible,susceptible
232,658-G-2-5-2,8,Environment,,,susceptible,susceptible,susceptible,susceptible
233,666-L-3-21-1,8,Environment,,,susceptible,susceptible,susceptible,susceptible
234,68-C-1-93L-3,8,Environment,,,susceptible,susceptible,susceptible,susceptible
235,703-E-1-66s-1,8,Environment,,,susceptible,susceptible,susceptible,susceptible
236,711-B-1-43-1,8,Environment,,,susceptible,susceptible,susceptible,susceptible
237,754-A-3-37s-1,8,Environment,,,susceptible,susceptible,susceptible,susceptible
238,78-C-1-99L-2,8,Environment,,,susceptible,susceptible,susceptible,susceptible
239,83-D-2-47L-1,8,Environment,,,susceptible,susceptible,susceptible,susceptible
240,875-E-1-65L-4,8,Environment,wt,wt,susceptible,susceptible,susceptible,susceptible
241,91-D-2-50s-1,8,Environment,,,susceptible,susceptible,susceptible,susceptible
242,C22-NRZ-2017-322,8,Hospitals,,,susceptible,susceptible,susceptible,susceptible
243,C23-NRZ-2017-346,8,Hospitals,,,resistant,susceptible,resistant,resistant
244,C33-NRZ-2017-101,8,Hospitals,,,susceptible,susceptible,susceptible,susceptible
245,C42-NRZ-2018-307,8,Hospitals,,,susceptible,susceptible,susceptible,susceptible
246,C8-NRZ-2016-141,8,Hospitals,,,susceptible,susceptible,susceptible,susceptible
247,240-F-1-13L-1,9,Environment,,,susceptible,susceptible,susceptible,susceptible
248,254-F-1-13L-3,9,Environment,,,susceptible,susceptible,susceptible,susceptible
249,592-I-1-49-3,9,Environment,,,susceptible,susceptible,susceptible,susceptible
250,815-A-2-34L-2,9,Environment,,,susceptible,susceptible,susceptible,susceptible
251,93-D-2-48L-1,9,Environment,,,susceptible,susceptible,susceptible,susceptible
